<FI403A xmlns="http://tulli.fi/schema/external/cwar/ext/v1">
	<FunctionalReference function="LRN">ASIAKASTESTI45</FunctionalReference>
	<FunctionalReference function="MRN">19FIU42000000775R8</FunctionalReference>
	<Identification>19030610545800</Identification>
	<Type function="DeclarationType">IM</Type>
	<Type function="AdditionalDeclarationType">A</Type>
	<TotalGrossMass>0.84</TotalGrossMass>
	<TotalPackage>4</TotalPackage>
	<Language>fi</Language>
	<Notification>
		<Type>OIK</Type>
		<Notification>2019-03-06T11:01:39.9831283+02:00</Notification>
		<Decision>
			<Decision>2019-03-06T11:01:39.9831283+02:00</Decision>
			<Note>
				<Note>D0012</Note>
			</Note>
			<Note>
				<NoteDescription>Tulli on oikaissut alkuperäisellä tulli-ilmoituksella ilmoitettua tavaran määrää vastaamaan purkaustulosta.</NoteDescription>
			</Note>
		</Decision>
	</Notification>
	<AuthorisationHolder>
		<Identification>FI0000032-6</Identification>
		<Category>CW1</Category>
	</AuthorisationHolder>
	<Declarant>
		<Identification>FI6619510-3</Identification>
		<AdditionalIdentifier>
			<Identification>001</Identification>
		</AdditionalIdentifier>
		<Name>UTU CW Company 1</Name>
		<Address>
			<Street>Härkätie 2</Street>
			<CityName>Härkälä</CityName>
			<Postcode>22222</Postcode>
			<Country>FI</Country>
		</Address>
	</Declarant>
	<Submitter>
		<Name>T i m o T u l l a j a</Name>
		<Communication>
			<Identification>timo.tullaaja@yritys.fi</Identification>
			<Type>EM</Type>
		</Communication>
		<Communication>
			<Identification>+358123456789</Identification>
			<Type>TE</Type>
		</Communication>
	</Submitter>
	<AdditionalDocument>
		<Type>CW1</Type>
		<Identification>FICW1L16370</Identification>
	</AdditionalDocument>
	<AdditionalInformation>
		<Statement>00500</Statement>
	</AdditionalInformation>
	<GoodsShipment>
		<UCR>
			<TraderAssignedReference>Testi2</TraderAssignedReference>
		</UCR>
		<Warehouse>
			<Identification>FI0000032-600001</Identification>
			<Type>R</Type>
		</Warehouse>
		<Consignment>
			<Container>0</Container>
			<GoodsLocation>
				<Type>A</Type>
				<Name>FI998002</Name>
				<Address>
					<Type>V</Type>
				</Address>
			</GoodsLocation>
		</Consignment>
		<ExportCountry>
			<Country>NO</Country>
		</ExportCountry>
		<Destination>
			<Country>FI</Country>
		</Destination>
		<GovernmentAgencyGoodsItem>
			<Sequence>1</Sequence>
			<StatisticalValue>496</StatisticalValue>
			<GovernmentProcedure>
				<Current>71</Current>
				<Previous>00</Previous>
			</GovernmentProcedure>
			<Commodity>
				<Description>Mikroprosessoreja</Description>
				<Classification>
					<Identification>854239</Identification>
					<IdentificationType>CN</IdentificationType>
				</Classification>
				<GoodsMeasure>
					<GrossMass>0.84</GrossMass>
				</GoodsMeasure>
			</Commodity>
			<Packaging>
				<MarksNumbers>88333</MarksNumbers>
				<Quantity>4</Quantity>
				<Type>BX</Type>
			</Packaging>
			<Origin>
				<Country>CN</Country>
				<Type>OC</Type>
			</Origin>
		</GovernmentAgencyGoodsItem>
	</GoodsShipment>
</FI403A>