<FI405A xmlns="http://tulli.fi/schema/external/cwar/ext/v1">
	<FunctionalReference function="LRN">ASIAKASTESTI45</FunctionalReference>
	<FunctionalReference function="MRN">19FIU42000000775R8</FunctionalReference>
	<Identification>19030610545800</Identification>
	<Language>fi</Language>
	<Notification>
		<Type>OHY</Type>
		<Notification>2019-03-06T12:10:16.2356044+02:00</Notification>
		<Decision>
			<Decision>2019-03-06T12:10:16.2356044+02:00</Decision>
			<Note>
				<Note>D0014</Note>
			</Note>
			<Note>
				<NoteDescription>D0016 - Ilmoituksen oikaiseminen on sallittu vain 3 vuotta ilmoituksen hyväksymisen jälkeen. UTK 173 (3)</NoteDescription>
			</Note>
		</Decision>
	</Notification>
</FI405A>