<FI416A xmlns="http://tulli.fi/schema/external/cwar/ext/v1">
	<FunctionalReference function="MRN">19FIU42000000584R9</FunctionalReference>
	<FunctionalReference function="LRN">19030109310200</FunctionalReference>
	<Identification>19030109310200</Identification>
	<Notification>
		<Type>HYL</Type>
		<Notification>2019-03-01T09:49:31.2489213+02:00</Notification>
		<Text>Ilmoitus ei täytä Tullin sille määrittämiä sisällöllisiä vaatimuksia.</Text>
		<Error>
			<Code>RuleViolation</Code>
			<Reason>NR0013</Reason>
			<Pointer>
				<Location>/FI413A/Type[1]</Location>
			</Pointer>
			<OriginalValue>D</OriginalValue>
		</Error>
	</Notification>
</FI416A>