<?xml version="1.0" encoding="UTF-8"?>
<!--Sample XML file generated by XMLSpy v2018 rel. 2 sp1 (x64) (http://www.altova.com)-->
<FI415A xmlns:xsi="http://www.w3.org/2001/XMLSchema-instance" xmlns="http://tulli.fi/schema/external/cwar/ext/v1" xsi:schemaLocation="http://tulli.fi/schema/external/cwar/ext/v1 eFI415A.xsd">
	<FunctionalReference function="LRN">ASIAKASTESTI8</FunctionalReference>
	<Identification>FIRMA0000000</Identification>
	<Type function="AdditionalDeclarationType">A</Type>
	<Type function="DeclarationType">IM</Type>
	<TotalGrossMass>2758.60</TotalGrossMass>
	<TotalPackage>37</TotalPackage>
	<Language>fi</Language>
	<AuthorisationHolder>
		<Identification>FI0123456-7001</Identification>
		<Category>CW1</Category>
	</AuthorisationHolder>
	<Declarant>
		<Identification>FI0123456-7</Identification>
		<AdditionalIdentifier>
			<Identification>001</Identification>
		</AdditionalIdentifier>
	</Declarant>
	<Submitter>
		<Name>Timo Tullaaja</Name>
		<Communication>
			<Identification>timo.tullaaja@yritys.fi</Identification>
			<Type>EM</Type>
		</Communication>
	</Submitter>
	<AdditionalDocument>
		<Type>CW1</Type>
		<Identification>FICW1L10000</Identification>
	</AdditionalDocument>
	<GoodsShipment>
		<UCR>
			<TraderAssignedReference>Testi8</TraderAssignedReference>
		</UCR>
		<Warehouse>
			<Identification>FI0123456-700001</Identification>
			<Type>R</Type>
		</Warehouse>
		<Consignment>
			<Container>0</Container>
			<GoodsLocation>
				<Name>FI0123456-700001</Name>
				<Type>B</Type>
				<Address>
					<Type>X</Type>
				</Address>
			</GoodsLocation>
		</Consignment>
		<ExportCountry>
			<Country>US</Country>
		</ExportCountry>
		<Destination>
			<Country>FI</Country>
		</Destination>
		<Importer>
			<Identification>FI0123456-7</Identification>
			<AdditionalIdentifier>
				<Identification>001</Identification>
			</AdditionalIdentifier>
		</Importer>
		<GovernmentAgencyGoodsItem>
			<Sequence>1</Sequence>
			<StatisticalValue>3720.30</StatisticalValue>
			<GovernmentProcedure>
				<Current>71</Current>
				<Previous>00</Previous>
			</GovernmentProcedure>
			<Commodity>
				<Description>Sieniä</Description>
				<Classification>
					<Identification>20031030</Identification>
					<IdentificationType>CN</IdentificationType>
				</Classification>
				<Classification>
					<Identification>00</Identification>
					<IdentificationType>TAR</IdentificationType>
				</Classification>
				<GoodsMeasure>
					<GrossMass>20</GrossMass>
					<SupplementaryMeasureUnit>
						<Unit>KGM</Unit>
						<Quantity>6</Quantity>
						<Qualifier>E</Qualifier>
					</SupplementaryMeasureUnit>
				</GoodsMeasure>
			</Commodity>
			<Packaging>
				<MarksNumbers>Champignon</MarksNumbers>
				<Quantity>36</Quantity>
				<Type>CR</Type>
			</Packaging>
			<Origin>
				<Country>US</Country>
				<Type>OC</Type>
			</Origin>
			<PreviousDocument>
				<Type>821</Type>
				<Identification>18FI000000000255T9</Identification>
			</PreviousDocument>
		</GovernmentAgencyGoodsItem>
		<GovernmentAgencyGoodsItem>
			<Sequence>2</Sequence>
			<StatisticalValue>3720.30</StatisticalValue>
			<GovernmentProcedure>
				<Current>71</Current>
				<Previous>00</Previous>
			</GovernmentProcedure>
			<Commodity>
				<Description>Sylinterilukkoja</Description>
				<Classification>
					<Identification>830140</Identification>
					<IdentificationType>CN</IdentificationType>
				</Classification>
				<GoodsMeasure>
					<GrossMass>2738.60</GrossMass>
				</GoodsMeasure>
			</Commodity>
			<Packaging>
				<MarksNumbers>123</MarksNumbers>
				<Quantity>1</Quantity>
				<Type>CS</Type>
			</Packaging>
			<Origin>
				<Country>US</Country>
				<Type>OC</Type>
			</Origin>
			<PreviousDocument>
				<Type>821</Type>
				<Identification>18FI000000000255T9</Identification>
			</PreviousDocument>
		</GovernmentAgencyGoodsItem>
	</GoodsShipment>
</FI415A>
