<FI410A xmlns="http://tulli.fi/schema/external/cwar/ext/v1">
	<FunctionalReference function="LRN">ASIAKASTESTI45</FunctionalReference>
	<FunctionalReference function="MRN">19FIU42000000775R8</FunctionalReference>
	<Identification>19030610545800</Identification>
	<Language>fi</Language>
	<Notification>
		<Type>MIT</Type>
		<Notification>2019-03-06T13:05:53.772367+02:00</Notification>
		<Decision>
			<Decision>2019-03-06T13:05:53.772367+02:00</Decision>
			<Note>
				<Note>D0001</Note>
			</Note>
			<Note>
				<NoteDescription>D0001 - Tulli on mitätöinyt ilmoituksen. Tavaroita ei ole esitetty Tullille 30 päivän kuluessa ilmoituksen antamisesta. UTK 171</NoteDescription>
			</Note>
		</Decision>
	</Notification>
</FI410A>