<?xml version="1.0" encoding="UTF-8"?>
<!--Sample XML file generated by XMLSpy v2018 rel. 2 sp1 (x64) (http://www.altova.com)-->
<FI413A xmlns:xsi="http://www.w3.org/2001/XMLSchema-instance" xmlns="http://tulli.fi/schema/external/cwar/ext/v1" xsi:schemaLocation="http://tulli.fi/schema/external/cwar/ext/v1 eFI413A.xsd">
	<FunctionalReference function="MRN">18FIU0000000000000</FunctionalReference>
	<Type function="AdditionalDeclarationType">A</Type>
	<Type function="DeclarationType">IM</Type>
	<TotalGrossMass>2738.60</TotalGrossMass>
	<TotalPackage>1</TotalPackage>
	<Language>fi</Language>
	<AuthorisationHolder>
		<Identification>FI0123456-7000</Identification>
		<Category>CW1</Category>
	</AuthorisationHolder>
	<Amendment>
		<Amendment>2001-12-17T09:30:47Z</Amendment>
		<ChangeReason>TESTI</ChangeReason>
		<RequestCorrelation>{00000000-0000-0000-0000-000000000000}</RequestCorrelation>
	</Amendment>
	<Declarant>
		<Identification>FI0123456-7</Identification>
		<AdditionalIdentifier>
			<Identification>001</Identification>
		</AdditionalIdentifier>
	</Declarant>
	<Submitter>
		<Name>Timo Tullaaja</Name>
		<Communication>
			<Identification>timo.tullaaja@yritys.fi</Identification>
			<Type>EM</Type>
		</Communication>
	</Submitter>
	<AdditionalDocument>
		<Type>CW1</Type>
		<Identification>FICW1L10000</Identification>
	</AdditionalDocument>
	<GoodsShipment>
		<UCR>
			<TraderAssignedReference>Testi3</TraderAssignedReference>
		</UCR>
		<Warehouse>
			<Identification>FI0123456-700001</Identification>
			<Type>R</Type>
		</Warehouse>
		<Consignment>
			<Container>0</Container>
		<GoodsLocation>
				<Name>FI0123456-700001</Name>
				<Type>C</Type>
				<Address>
					<Type>X</Type>
				</Address>
			</GoodsLocation>
		</Consignment>
		<ExportCountry>
			<Country>NO</Country>
		</ExportCountry>
		<Destination>
			<Country>FI</Country>
		</Destination>
		<Importer>
			<Identification>FI0123456-7</Identification>
			<AdditionalIdentifier>
				<Identification>001</Identification>
			</AdditionalIdentifier>
		</Importer>
		<GovernmentAgencyGoodsItem>
			<Sequence>1</Sequence>
			<StatisticalValue>3720.30</StatisticalValue>
			<GovernmentProcedure>
				<Current>71</Current>
				<Previous>00</Previous>
			</GovernmentProcedure>
			<Commodity>
				<Description>Sylinterilukkoja</Description>
				<Classification>
					<Identification>830140</Identification>
					<IdentificationType>CN</IdentificationType>
				</Classification>
				<GoodsMeasure>
					<GrossMass>2738.60</GrossMass>
				</GoodsMeasure>
			</Commodity>
			<Packaging>
				<MarksNumbers>123</MarksNumbers>
				<Quantity>1</Quantity>
				<Type>CS</Type>
			</Packaging>
			<Origin>
				<Country>NO</Country>
				<Type>OC</Type>
			</Origin>
			<PreviousDocument>
				<Type>821</Type>
				<Identification>18FI000000000255T9</Identification>
			</PreviousDocument>
		</GovernmentAgencyGoodsItem>
	</GoodsShipment>
</FI413A>
