<FI426A xmlns="http://tulli.fi/schema/external/cwar/ext/v1">
	<FunctionalReference function="LRN">ASIAKASTESTI5</FunctionalReference>
	<FunctionalReference function="MRN">19FIU42000000584R9</FunctionalReference>
	<Identification>19030109310200</Identification>
	<Language>fi</Language>
	<Notification>
		<Type>REK</Type>
		<Notification>2019-03-01T09:31:41.0820196+02:00</Notification>
	</Notification>
	<Declarant>
		<Identification>FI6619410-0</Identification>
		<AdditionalIdentifier>
			<Identification>001</Identification>
		</AdditionalIdentifier>
		<Name>Tessu IAT INT Tuonti ja Vienti</Name>
		<Address>
			<Street>Varastokuja 567</Street>
			<CityName>Helsinki</CityName>
			<Postcode>56755</Postcode>
			<Country>FI</Country>
		</Address>
	</Declarant>
</FI426A>