<FI429A xmlns="http://tulli.fi/schema/external/cwar/ext/v1">
	<FunctionalReference function="LRN">19030109310201</FunctionalReference>
	<FunctionalReference function="MRN">19FIU42000000584R9</FunctionalReference>
	<Identification>19030109310200</Identification>
	<Type function="DeclarationType">IM</Type>
	<Type function="AdditionalDeclarationType">D</Type>
	<Jurisdiction>2019-03-01T23:59:00+02:00</Jurisdiction>
	<TotalGrossMass>0.84</TotalGrossMass>
	<TotalPackage>4</TotalPackage>
	<Language>fi</Language>
	<Notification>
		<Type>LUO</Type>
		<Notification>2019-03-04T09:32:17.1477317+02:00</Notification>
		<Decision>
			<Decision>2019-03-04T09:32:17.1477317+02:00</Decision>
		</Decision>
	</Notification>
	<AuthorisationHolder>
		<Identification>FI0000032-6</Identification>
		<Category>CW1</Category>
	</AuthorisationHolder>
	<Declarant>
		<Identification>FI6619410-0</Identification>
		<AdditionalIdentifier>
			<Identification>001</Identification>
		</AdditionalIdentifier>
		<Name>Tessu IAT INT Tuonti ja Vienti</Name>
		<Address>
			<Street>Varastokuja 567</Street>
			<CityName>Helsinki</CityName>
			<Postcode>56755</Postcode>
			<Country>FI</Country>
		</Address>
	</Declarant>
	<Submitter>
		<Name>Timo Tullaaja</Name>
		<Communication>
			<Identification>timo.tullaaja@yritys.fi</Identification>
			<Type>EM</Type>
		</Communication>
		<Communication>
			<Identification>123456789</Identification>
			<Type>TE</Type>
		</Communication>
	</Submitter>
	<AdditionalDocument>
		<Type>CW1</Type>
		<Identification>FICW1L16370</Identification>
	</AdditionalDocument>
	<GoodsShipment>
		<UCR>
			<TraderAssignedReference>Testi2</TraderAssignedReference>
		</UCR>
		<Warehouse>
			<Identification>FI0000032-600001</Identification>
			<Type>R</Type>
		</Warehouse>
		<Consignment>
			<Container>0</Container>
			<GoodsLocation>
				<Type>A</Type>
				<Name>FI998002</Name>
				<Address>
					<Type>V</Type>
				</Address>
			</GoodsLocation>
		</Consignment>
		<ExportCountry>
			<Country>NO</Country>
		</ExportCountry>
		<Destination>
			<Country>FI</Country>
		</Destination>
		<Importer>
			<Identification>FI6619510-3</Identification>
			<AdditionalIdentifier>
				<Identification>001</Identification>
			</AdditionalIdentifier>
			<Name>UTU CW Company 1</Name>
			<Address>
				<Street>Härkätie 2</Street>
				<CityName>Härkälä</CityName>
				<Postcode>22222</Postcode>
				<Country>FI</Country>
			</Address>
		</Importer>
		<GovernmentAgencyGoodsItem>
			<Sequence>1</Sequence>
			<StatisticalValue>496</StatisticalValue>
			<GovernmentProcedure>
				<Current>71</Current>
				<Previous>00</Previous>
			</GovernmentProcedure>
			<Commodity>
				<Description>Mikroprosessoreja</Description>
				<Classification>
					<Identification>854239</Identification>
					<IdentificationType>CN</IdentificationType>
				</Classification>
				<GoodsMeasure>
					<GrossMass>0.74</GrossMass>
				</GoodsMeasure>
			</Commodity>
			<Packaging>
				<MarksNumbers>88333</MarksNumbers>
				<Quantity>4</Quantity>
				<Type>BX</Type>
			</Packaging>
			<Origin>
				<Country>CN</Country>
				<Type>OC</Type>
			</Origin>
		</GovernmentAgencyGoodsItem>
	</GoodsShipment>
</FI429A>