<?xml version="1.0" encoding="UTF-8"?>
<!--Sample XML file generated by XMLSpy v2018 rel. 2 sp1 (x64) (http://www.altova.com)-->
<n1:FI439A xmlns:xsi="http://www.w3.org/2001/XMLSchema-instance" xmlns:n1="http://tulli.fi/schema/external/cwar/ext/v1" xsi:schemaLocation="http://tulli.fi/schema/external/cwar/ext/v1 eFI439A.xsd">
	<n1:FunctionalReference function="MRN">19FIUTU123456789R5</n1:FunctionalReference>
	<n1:FunctionalReference function="LRN">OMAVIITE12345</n1:FunctionalReference>
	<n1:Language>fi</n1:Language>
	<n1:Notification>
		<n1:Type>439</n1:Type>
		<n1:Notification>2001-12-17T09:30:47Z</n1:Notification>
		<n1:Text>Mitätöintipyyntö</n1:Text>
		<n1:ContactReason>002</n1:ContactReason>
		<n1:Invalidation>D</n1:Invalidation>
		<n1:RequestCorrelation>{00000000-0000-0000-0000-000000000000}</n1:RequestCorrelation>
	</n1:Notification>
</n1:FI439A>
