<FI448A xmlns="http://tulli.fi/schema/external/cwar/ext/v1">
	<FunctionalReference function="LRN">ASIAKASTESTI45</FunctionalReference>
	<FunctionalReference function="MRN">19FIU42000000796R6</FunctionalReference>
	<Identification>19030613312800</Identification>
	<Language>fi</Language>
	<Notification>
		<Type>MHY</Type>
		<Notification>2019-03-06T13:34:04.851759+02:00</Notification>
		<Decision>
			<Decision>2019-03-06T13:34:04.851759+02:00</Decision>
			<Note>
				<Note>TEST2</Note>
			</Note>
			<Note>
				<Note>TEST3</Note>
			</Note>
			<Note>
				<Note>TEST4</Note>
			</Note>
			<Note>
				<NoteDescription>D0021 - Mitätöintipyyntö on hylätty. Ilmoittaja ei ole toimittanut riittäviä todisteita tavaroiden asettamisesta toiseen tulli-menettelyyn. UTK 174 (1) (a)</NoteDescription>
			</Note>
		</Decision>
	</Notification>
</FI448A>