<FI444A xmlns="http://tulli.fi/schema/external/cwar/ext/v1">
	<FunctionalReference function="LRN">19030109310201</FunctionalReference>
	<FunctionalReference function="MRN">19FIU42000000584R9</FunctionalReference>
	<Identification>19030109310200</Identification>
	<Language>fi</Language>
	<Notification>
		<Type>VIR</Type>
		<Notification>2019-03-01T12:29:24.5354627+02:00</Notification>
		<Text>Testi</Text>
		<RequestCorrelation>{5a896eac-d2c7-41a2-a50e-41bf7b6c8c46}</RequestCorrelation>
		<Limit>2019-03-04T16:00:00+02:00</Limit>
	</Notification>
</FI444A>