<FI452A xmlns="http://tulli.fi/schema/external/cwar/ext/v1">
	<FunctionalReference function="LRN">19030109310201</FunctionalReference>
	<FunctionalReference function="MRN">19FIU42000000584R9</FunctionalReference>
	<Identification>19030109310200</Identification>
	<Language>fi</Language>
	<Notification>
		<Type>LIS</Type>
		<Notification>2019-03-01T12:29:09.5456601+02:00</Notification>
		<Text>Testi</Text>
		<RequestCorrelation>{25d4a7eb-efb0-45f5-b248-b689baacac12}</RequestCorrelation>
		<Limit>2019-03-04T16:00:00+02:00</Limit>
	</Notification>
</FI452A>