<?xml version="1.0" encoding="UTF-8"?>
<!--Sample XML file generated by XMLSpy v2018 rel. 2 sp1 (x64) (http://www.altova.com)-->
<n1:FI453A xmlns:xsi="http://www.w3.org/2001/XMLSchema-instance" xmlns:n1="http://tulli.fi/schema/external/cwar/ext/v1" xsi:schemaLocation="http://tulli.fi/schema/external/cwar/ext/v1 eFI453A.xsd">
	<n1:FunctionalReference function="MRN">19FIUTU123456789R5</n1:FunctionalReference>
	<n1:FunctionalReference function="LRN">OMAVIITE12345</n1:FunctionalReference>
	<n1:Language>fi</n1:Language>
	<n1:Notification>
		<n1:Type>453</n1:Type>
		<n1:Notification>2001-12-17T09:30:47Z</n1:Notification>
		<n1:Text>itse vastaus lisäselvityspyyntöön</n1:Text>
		<n1:Sequence>1</n1:Sequence>
		<n1:RequestCorrelation>{00000000-0000-0000-0000-000000000000}</n1:RequestCorrelation>
		<n1:ProvidedInfo>
			<n1:Description>liitteen viite</n1:Description>
			<n1:NationalReference>liitteen kuvaus</n1:NationalReference>
		</n1:ProvidedInfo>
	</n1:Notification>
</n1:FI453A>