<FI450A xmlns="http://tulli.fi/schema/external/cwar/ext/v1">
	<FunctionalReference function="LRN">ASIAKASTESTI45</FunctionalReference>
	<FunctionalReference function="MRN">19FIU42000000800R8</FunctionalReference>
	<Identification>19030614064000</Identification>
	<Language>fi</Language>
	<Notification>
		<Type>TAR</Type>
		<Notification>2019-03-06T15:11:41.345164+02:00</Notification>
		<Text>Tulli suorittaa tarkastuksen liittyen antamaanne ilmoitukseen. Ilmoituksen käsittely ei etene ennen kuin tarkastus on suoritettu. UTK 189 
		N0010  - Tullin suorittama tarkastus on tavarantarkastus.</Text>
		<ContactInfo>
			<Name>Tulli</Name>
			<Email>fi460@email_fi.com</Email>
			<Telephone>+420001456789</Telephone>
		</ContactInfo>
		<Control>
			<Type>P001</Type>
			<Location>FI998002</Location>
		</Control>
	</Notification>
</FI450A>
