<?xml version="1.0" encoding="UTF-8"?>
<!--Sample XML file generated by XMLSpy v2018 rel. 2 sp1 (x64) (http://www.altova.com)-->
<n1:FI475A xmlns:xsi="http://www.w3.org/2001/XMLSchema-instance" xmlns:n1="http://tulli.fi/schema/external/cwar/ext/v1" xsi:schemaLocation="http://tulli.fi/schema/external/cwar/ext/v1 eFI475A.xsd">
	<n1:FunctionalReference function="LRN">Testi1</n1:FunctionalReference>
	<n1:Identification>FIRMA0000</n1:Identification>
	<n1:TotalGrossMass>2000</n1:TotalGrossMass>
	<n1:Language>fi</n1:Language>
	<n1:AuthorisationHolder>
		<n1:Identification>FI0123456-7</n1:Identification>
		<n1:Category>CW1</n1:Category>
	</n1:AuthorisationHolder>
	<n1:AuthorisationHolder>
		<n1:Identification>FI0123456-7</n1:Identification>
		<n1:Category>EIR</n1:Category>
	</n1:AuthorisationHolder>
	<n1:Declarant>
		<n1:Identification>FI0123456-7</n1:Identification>
		<n1:AdditionalIdentifier>
			<n1:Identification>001</n1:Identification>
		</n1:AdditionalIdentifier>
	</n1:Declarant>
	<n1:Submitter>
		<n1:Name>Timo Tullaaja</n1:Name>
		<n1:Communication>
			<n1:Identification>timo.tullaaja@yritys.fi</n1:Identification>
			<n1:Type>EM</n1:Type>
		</n1:Communication>
	</n1:Submitter>
	<n1:AdditionalDocument>
		<n1:Type>CW1</n1:Type>
		<n1:Identification>FICW1L10000</n1:Identification>
	</n1:AdditionalDocument>
	<n1:AdditionalDocument>
		<n1:Type>EIR</n1:Type>
		<n1:Identification>FIEIRL10000</n1:Identification>
	</n1:AdditionalDocument>
	<n1:GoodsShipment>
		<n1:Consignment>
			<n1:GoodsLocation>
				<n1:Name>FI0123456-700001</n1:Name>
			</n1:GoodsLocation>
		</n1:Consignment>
		<n1:GovernmentAgencyGoodsItem>
			<n1:Sequence>1</n1:Sequence>
			<n1:Commodity>
				<n1:GoodsMeasure>
					<n1:GrossMass>2000</n1:GrossMass>
				</n1:GoodsMeasure>
			</n1:Commodity>
			<n1:Packaging>
				<n1:Quantity>200</n1:Quantity>
				<n1:Type>CT</n1:Type>
			</n1:Packaging>
			<n1:PreviousDocument>
				<n1:Type>821</n1:Type>
				<n1:Identification>19FI000000000026T1</n1:Identification>
			</n1:PreviousDocument>
		</n1:GovernmentAgencyGoodsItem>
	</n1:GoodsShipment>
</n1:FI475A>
