<FI470A xmlns="http://tulli.fi/schema/external/cwar/ext/v1">
	<FunctionalReference function="LRN">19030109310201</FunctionalReference>
	<FunctionalReference function="MRN">19FIU42000000584R9</FunctionalReference>
	<Identification>19030109310200</Identification>
	<Language>fi</Language>
	<Notification>
		<Type>ILM</Type>
		<Notification>2019-03-04T10:45:43.5161454+02:00</Notification>
		<Text>N0001 - Tulli on havainnut ilmoituksella virheitä. Korjaa luetellut virheet määräaikaan mennessä lähettämällä korjattu ilmoitus.</Text>
	</Notification>
</FI470A>