<?xml version="1.0" encoding="UTF-8"?>
<!--Sample XML file generated by XMLSpy v2018 rel. 2 sp1 (x64) (http://www.altova.com)-->
<FI488A xmlns:xsi="http://www.w3.org/2001/XMLSchema-instance" xmlns="http://tulli.fi/schema/external/cwar/ext/v1" xsi:schemaLocation="http://tulli.fi/schema/external/cwar/ext/v1 eFI488A.xsd">
	<FunctionalReference function="LRN">Testi1</FunctionalReference>
	<Identification>FIRMA0000</Identification>
	<Language>fi</Language>
	<AuthorisationHolder>
		<Identification>FI0123456-7001</Identification>
	</AuthorisationHolder>
	<Submitter>
		<Identification>FI0123456-7001</Identification>
	</Submitter>
	<Consignment>
		<Warehouse>
			<Identification>FI0123456-7001</Identification>
		</Warehouse>
		<PreviousDocument>
			<Identification>18FIU00000000000R0</Identification>
		</PreviousDocument>
	</Consignment>
</FI488A>
